<?xml version="1.0" encoding="UTF-8"?>
<rss version="2.0" xmlns:ror="http://rorweb.com/0.1/" >
<channel>
  <title>ROR Sitemap for http://ionixpert.com/</title>
  <link>http://ionixpert.com/</link>

<item>
     <link>https://ionixpert.com/</link>
     <title>Ionixpert - Harish Ale</title>
     <description>Hello World! I am Harish Ale Hybrid Developer, ionic, angular, expert, capacitor, cordova, android, ios, react, react native, react js, nodejs, expressjs.</description>
     <ror:updatePeriod></ror:updatePeriod>
     <ror:sortOrder>0</ror:sortOrder>
     <ror:resourceOf>sitemap</ror:resourceOf>
</item>
</channel>
</rss>
  